table with row headers in column A and column headers in rows 3 through 4 (leading dots indicate sub-parts),
MSA,pop_2024
".Aberdeen, SD Micro Area","41,522"
".Aberdeen, WA Micro Area","77,893"
".Ada, OK Micro Area","38,310"
".Adrian, MI Micro Area","97,746"
".Alamogordo, NM Micro Area","69,711"
".Alamosa, CO Micro Area","27,924"
".Albemarle, NC Micro Area","67,326"
".Albert Lea, MN Micro Area","30,314"
".Albertville, AL Micro Area","102,156"
".Alexander City, AL Micro Area","40,699"
".Alexandria, MN Micro Area","39,933"
".Alice, TX Micro Area","45,626"
".Alma, MI Micro Area","41,372"
".Alpena, MI Micro Area","28,903"
".Altus, OK Micro Area","24,541"
".Americus, GA Micro Area","33,475"
".Amsterdam, NY Micro Area","49,648"
".Anderson Creek, NC Micro Area","146,096"
".Andrews, TX Micro Area","18,923"
".Angola, IN Micro Area","34,862"
".Arcadia, FL Micro Area","36,744"
".Ardmore, OK Micro Area","49,135"
".Arkadelphia, AR Micro Area","20,920"
".Arkansas City-Winfield, KS Micro Area","34,186"
".Ashland, OH Micro Area","52,420"
".Astoria, OR Micro Area","41,043"
".Atchison, KS Micro Area","16,249"
".Athens, OH Micro Area","63,218"
".Athens, TN Micro Area","70,691"
".Athens, TX Micro Area","87,467"
".Auburn, IN Micro Area","44,330"
".Auburn, NY Micro Area","74,567"
".Augusta-Waterville, ME Micro Area","128,461"
".Austin, MN Micro Area","40,900"
".Bainbridge, GA Micro Area","29,391"
".Baker City, OR Micro Area","16,750"
".Baraboo, WI Micro Area","66,486"
".Barre, VT Micro Area","59,844"
".Bartlesville, OK Micro Area","54,060"
".Batavia, NY Micro Area","57,604"
".Batesville, AR Micro Area","38,345"
".Bay City, TX Micro Area","36,391"
".Beatrice, NE Micro Area","21,687"
".Beaver Dam, WI Micro Area","88,635"
".Bedford, IN Micro Area","45,192"
".Beeville, TX Micro Area","31,226"
".Bellefontaine, OH Micro Area","46,085"
".Bemidji, MN Micro Area","46,762"
".Bennington, VT Micro Area","37,039"
".Big Rapids, MI Micro Area","41,947"
".Big Spring, TX Micro Area","30,833"
".Bishop, CA Micro Area","18,485"
".Blackfoot, ID Micro Area","50,889"
".Bloomsburg-Berwick, PA Micro Area","66,012"
".Bluefield, WV-VA Micro Area","96,399"
".Blytheville, AR Micro Area","38,095"
".Bogalusa, LA Micro Area","45,090"
".Bonham, TX Micro Area","38,650"
".Boone, NC Micro Area","54,997"
".Borger, TX Micro Area","19,721"
".Bradford, PA Micro Area","39,478"
".Brainerd, MN Micro Area","100,084"
".Branson, MO Micro Area","56,744"
".Brattleboro, VT Micro Area","45,627"
".Breckenridge, CO Micro Area","38,251"
".Brenham, TX Micro Area","37,810"
".Brevard, NC Micro Area","34,103"
".Brigham City, UT-ID Micro Area","69,096"
".Brookhaven, MS Micro Area","34,956"
".Brookings, OR Micro Area","22,774"
".Brookings, SD Micro Area","36,359"
".Brownwood, TX Micro Area","38,631"
".Bucyrus, OH Micro Area","41,626"
".Burley, ID Micro Area","48,667"
".Burlington, IA-IL Micro Area","44,459"
".Butte-Silver Bow, MT Micro Area","36,134"
".Cadillac, MI Micro Area","49,699"
".Calhoun, GA Micro Area","60,765"
".Cambridge, MD Micro Area","33,138"
".Cambridge, OH Micro Area","38,219"
".Camden, AR Micro Area","26,374"
".Campbellsville, KY Micro Area","38,361"
".Cañon City, CO Micro Area","50,093"
".Canton, IL Micro Area","32,510"
".Carbondale, IL Micro Area","53,199"
".Carlsbad-Artesia, NM Micro Area","61,436"
".Carroll, IA Micro Area","20,407"
".Cedar City, UT Micro Area","65,936"
".Cedartown, GA Micro Area","44,610"
".Celina, OH Micro Area","42,648"
".Centralia, IL Micro Area","36,437"
".Centralia, WA Micro Area","87,049"
".Charleston-Mattoon, IL Micro Area","46,423"
".Chillicothe, OH Micro Area","76,046"
".Clarksburg, WV Micro Area","88,525"
".Clarksdale, MS Micro Area","20,105"
".Clearlake, CA Micro Area","67,764"
".Cleveland, MS Micro Area","28,395"
".Clewiston, FL Micro Area","59,262"
".Clinton, IA Micro Area","46,015"
".Clovis, NM Micro Area","65,869"
".Cody, WY Micro Area","31,082"
".Coldwater, MI Micro Area","46,187"
".Columbus, MS Micro Area","67,035"
".Columbus, NE Micro Area","46,325"
".Concord, NH Micro Area","157,869"
".Connersville, IN Micro Area","23,335"
".Cookeville, TN Micro Area","149,929"
".Coos Bay-North Bend, OR Micro Area","64,326"
".Corbin, KY Micro Area","149,835"
".Cordele, GA Micro Area","19,468"
".Corinth, MS Micro Area","34,228"
".Cornelia, GA Micro Area","49,665"
".Corning, NY Micro Area","92,015"
".Corsicana, TX Micro Area","56,533"
".Cortland, NY Micro Area","45,945"
".Coshocton, OH Micro Area","37,003"
".Crawfordsville, IN Micro Area","38,633"
".Crescent City, CA Micro Area","27,009"
".Crossville, TN Micro Area","65,618"
".Cullman, AL Micro Area","92,604"
".Cumberland, MD-WV Micro Area","93,875"
".Danville, IL Micro Area","71,106"
".Danville, KY Micro Area","56,304"
".Danville, VA Micro Area","101,403"
".Decatur, IN Micro Area","36,584"
".Defiance, OH Micro Area","38,644"
".Del Rio, TX Micro Area","47,999"
".Deming, NM Micro Area","25,878"
".DeRidder, LA Micro Area","36,695"
".Detroit Lakes, MN Micro Area","35,444"
".Dickinson, ND Micro Area","38,861"
".Dixon, IL Micro Area","33,544"
".Dodge City, KS Micro Area","34,072"
".Douglas, GA Micro Area","52,286"
".Dublin, GA Micro Area","59,465"
".DuBois, PA Micro Area","78,132"
".Dumas, TX Micro Area","21,872"
".Duncan, OK Micro Area","44,075"
".Durango, CO Micro Area","56,823"
".Durant, OK Micro Area","50,305"
".Dyersburg, TN Micro Area","36,403"
".Easton, MD Micro Area","38,244"
".East Stroudsburg, PA Micro Area","166,523"
".Edwards, CO Micro Area","54,330"
".Effingham, IL Micro Area","44,907"
".El Campo, TX Micro Area","42,035"
".El Dorado, AR Micro Area","37,008"
".Elizabeth City, NC Micro Area","41,418"
".Elk City, OK Micro Area","22,248"
".Elkins, WV Micro Area","27,190"
".Elko, NV Micro Area","56,240"
".Ellensburg, WA Micro Area","48,172"
".Emporia, KS Micro Area","35,027"
".Enterprise, AL Micro Area","56,358"
".Escanaba, MI Micro Area","36,687"
".Española, NM Micro Area","39,955"
".Eufaula, AL-GA Micro Area","26,681"
".Eureka-Arcata, CA Micro Area","132,380"
".Evanston, WY-UT Micro Area","23,373"
".Fairmont, MN Micro Area","19,561"
".Fairmont, WV Micro Area","55,649"
".Fallon, NV Micro Area","26,033"
".Faribault-Northfield, MN Micro Area","69,025"
".Farmington, MO Micro Area","67,503"
".Fayetteville, TN Micro Area","36,751"
".Fergus Falls, MN Micro Area","60,884"
".Findlay, OH Micro Area","75,016"
".Fitzgerald, GA Micro Area","16,945"
".Forest City, NC Micro Area","65,587"
".Forrest City, AR Micro Area","21,822"
".Fort Dodge, IA Micro Area","36,909"
".Fort Leonard Wood, MO Micro Area","53,964"
".Fort Madison, IA Micro Area","32,376"
".Fort Morgan, CO Micro Area","30,300"
".Fort Payne, AL Micro Area","73,122"
".Frankfort, IN Micro Area","32,895"
".Frankfort, KY Micro Area","77,325"
".Franklin, KY Micro Area","20,350"
".Fredericksburg, TX Micro Area","28,159"
".Freeport, IL Micro Area","43,088"
".Fremont, NE Micro Area","37,884"
".Fremont, OH Micro Area","58,866"
".Gaffney, SC Micro Area","57,770"
".Gainesville, TX Micro Area","44,258"
".Galesburg, IL Micro Area","48,716"
".Gallipolis, OH Micro Area","28,886"
".Gallup, NM Micro Area","68,945"
".Garden City, KS Micro Area","38,354"
".Gardnerville Ranchos, NV-CA Micro Area","50,663"
".Gillette, WY Micro Area","47,946"
".Glasgow, KY Micro Area","56,167"
".Gloversville, NY Micro Area","52,073"
".Granbury, TX Micro Area","69,126"
".Grand Rapids, MN Micro Area","45,442"
".Great Bend, KS Micro Area","24,835"
".Greencastle, IN Micro Area","37,804"
".Greeneville, TN Micro Area","73,398"
".Greenfield, MA Micro Area","70,871"
".Greensburg, IN Micro Area","26,421"
".Greenville, MS Micro Area","41,181"
".Greenville, OH Micro Area","51,462"
".Greenwood, MS Micro Area","35,535"
".Greenwood, SC Micro Area","94,648"
".Grenada, MS Micro Area","30,342"
".Guymon, OK Micro Area","20,577"
".Hailey, ID Micro Area","32,064"
".Hannibal, MO Micro Area","38,924"
".Harrison, AR Micro Area","45,662"
".Hastings, NE Micro Area","40,625"
".Hays, KS Micro Area","29,007"
".Heber, UT Micro Area","80,967"
".Hemlock Farms, PA Micro Area","62,376"
".Henderson, KY Micro Area","57,029"
".Henderson, NC Micro Area","42,337"
".Hereford, TX Micro Area","18,495"
".Hermiston-Pendleton, OR Micro Area","92,851"
".Hermitage, PA Micro Area","108,140"
".Hillsdale, MI Micro Area","45,590"
".Hilo-Kailua, HI Micro Area","209,790"
".Hobbs, NM Micro Area","75,151"
".Holland, MI Micro Area","122,429"
".Hood River, OR Micro Area","23,764"
".Houghton, MI Micro Area","40,202"
".Hudson, NY Micro Area","60,299"
".Huntingdon, PA Micro Area","43,359"
".Huntington, IN Micro Area","36,944"
".Huntsville, TX Micro Area","83,722"
".Huron, SD Micro Area","19,459"
".Hutchinson, KS Micro Area","61,417"
".Hutchinson, MN Micro Area","36,780"
".Indiana, PA Micro Area","82,953"
".Iron Mountain, MI-WI Micro Area","30,668"
".Jackson, WY-ID Micro Area","36,204"
".Jacksonville, IL Micro Area","37,498"
".Jacksonville, TX Micro Area","53,223"
".Jamestown, ND Micro Area","21,546"
".Jamestown-Dunkirk, NY Micro Area","124,105"
".Jasper, IN Micro Area","43,629"
".Jefferson, GA Micro Area","93,825"
".Jesup, GA Micro Area","32,132"
".Juneau, AK Micro Area","31,572"
".Kalispell, MT Micro Area","114,527"
".Kapaa, HI Micro Area","73,840"
".Kearney, NE Micro Area","57,905"
".Keene, NH Micro Area","78,078"
".Kendallville, IN Micro Area","47,811"
".Kennett, MO Micro Area","27,002"
".Kerrville, TX Micro Area","53,900"
".Ketchikan, AK Micro Area","13,677"
".Key West-Key Largo, FL Micro Area","80,908"
".Kill Devil Hills, NC Micro Area","38,183"
".Kingsland, GA Micro Area","59,099"
".Kingsville, TX Micro Area","30,442"
".Kinston, NC Micro Area","55,332"
".Kirksville, MO Micro Area","29,729"
".Klamath Falls, OR Micro Area","70,438"
".Laconia, NH Micro Area","65,257"
".La Grande, OR Micro Area","26,058"
".LaGrange, GA-AL Micro Area","105,326"
".Lake City, FL Micro Area","73,977"
".Lake of the Woods, VA Micro Area","38,986"
".Laramie, WY Micro Area","39,288"
".Las Vegas, NM Micro Area","30,524"
".Laurel, MS Micro Area","81,636"
".Laurinburg, NC Micro Area","33,898"
".Lawrenceburg, TN Micro Area","46,467"
".Lebanon, MO Micro Area","36,738"
".Lebanon-Claremont, NH-VT Micro Area","224,804"
".Le Mars, IA Micro Area","25,825"
".Lewisburg, PA Micro Area","42,159"
".Lewisburg, TN Micro Area","37,847"
".Lewistown, PA Micro Area","45,935"
".Lexington, NE Micro Area","26,362"
".Liberal, KS Micro Area","21,276"
".Lincoln, IL Micro Area","27,518"
".Lock Haven, PA Micro Area","37,865"
".Logansport, IN Micro Area","37,559"
".Los Alamos, NM Micro Area","19,675"
".Ludington, MI Micro Area","29,093"
".Lufkin, TX Micro Area","88,094"
".Lumberton, NC Micro Area","118,624"
".Macomb, IL Micro Area","26,662"
".Madison, IN Micro Area","32,921"
".Madisonville, KY Micro Area","45,218"
".Magnolia, AR Micro Area","22,024"
".Malvern, AR Micro Area","33,313"
".Manitowoc, WI Micro Area","81,513"
".Marietta, OH Micro Area","58,332"
".Marinette, WI-MI Micro Area","65,393"
".Marion, IN Micro Area","66,458"
".Marion, NC Micro Area","45,269"
".Marion, OH Micro Area","64,976"
".Marion-Herrin, IL Micro Area","67,064"
".Marquette, MI Micro Area","67,979"
".Marshall, MN Micro Area","25,577"
".Marshall, MO Micro Area","23,325"
".Marshalltown, IA Micro Area","40,392"
".Martin, TN Micro Area","33,162"
".Martinsville, VA Micro Area","63,219"
".Maryville, MO Micro Area","20,503"
".Mason City, IA Micro Area","49,800"
".Massena-Ogdensburg, NY Micro Area","106,198"
".Mayfield, KY Micro Area","36,821"
".McAlester, OK Micro Area","43,395"
".McComb, MS Micro Area","52,819"
".McMinnville, TN Micro Area","43,619"
".McPherson, KS Micro Area","30,334"
".Meadville, PA Micro Area","82,089"
".Menomonie, WI Micro Area","46,135"
".Meridian, MS Micro Area","85,743"
".Mexico, MO Micro Area","24,304"
".Miami, OK Micro Area","30,404"
".Middlesborough, KY Micro Area","23,051"
".Milledgeville, GA Micro Area","43,644"
".Minden, LA Micro Area","35,184"
".Mineral Wells, TX Micro Area","30,231"
".Mitchell, SD Micro Area","25,776"
".Moberly, MO Micro Area","24,077"
".Monticello, IN Micro Area","24,833"
".Monticello, NY Micro Area","80,450"
".Montrose, CO Micro Area","44,806"
".Morehead City, NC Micro Area","70,259"
".Morgan City, LA Micro Area","46,799"
".Moscow, ID Micro Area","42,180"
".Moses Lake, WA Micro Area","104,717"
".Moultrie, GA Micro Area","46,977"
".Mountain Home, AR Micro Area","43,007"
".Mountain Home, ID Micro Area","29,729"
".Mount Airy, NC Micro Area","71,547"
".Mount Pleasant, MI Micro Area","65,072"
".Mount Pleasant, TX Micro Area","56,895"
".Mount Sterling, KY Micro Area","48,063"
".Mount Vernon, IL Micro Area","36,107"
".Mount Vernon, OH Micro Area","63,848"
".Murray, KY Micro Area","38,975"
".Murrells Inlet, SC Micro Area","66,035"
".Muscatine, IA Micro Area","42,132"
".Muskogee, OK Micro Area","66,752"
".Nacogdoches, TX Micro Area","65,728"
".Nantucket, MA Micro Area","14,670"
".Natchez, MS-LA Micro Area","53,371"
".Natchitoches, LA Micro Area","35,982"
".New Bern, NC Micro Area","126,179"
".Newberry, SC Micro Area","39,203"
".New Castle, IN Micro Area","49,081"
".New Iberia, LA Micro Area","67,540"
".New Philadelphia-Dover, OH Micro Area","92,048"
".Newport, OR Micro Area","51,212"
".Newport, TN Micro Area","37,596"
".New Ulm, MN Micro Area","25,710"
".Nogales, AZ Micro Area","50,508"
".Norfolk, NE Micro Area","48,669"
".North Platte, NE Micro Area","34,013"
".North Wilkesboro, NC Micro Area","66,186"
".Norwalk, OH Micro Area","58,168"
".Oak Harbor, WA Micro Area","86,478"
".Ocean Pines, MD Micro Area","54,337"
".Oil City, PA Micro Area","49,476"
".Okeechobee, FL Micro Area","42,369"
".Olean, NY Micro Area","75,475"
".Oneonta, NY Micro Area","60,524"
".Ontario, OR-ID Micro Area","59,977"
".Opelousas, LA Micro Area","80,869"
".Orangeburg, SC Micro Area","83,129"
".Oskaloosa, IA Micro Area","22,034"
".Othello, WA Micro Area","21,039"
".Ottawa, IL Micro Area","146,509"
".Ottawa, KS Micro Area","26,273"
".Ottumwa, IA Micro Area","35,681"
".Owatonna, MN Micro Area","37,434"
".Owosso, MI Micro Area","67,982"
".Oxford, MS Micro Area","72,301"
".Ozark, AL Micro Area","50,067"
".Pahrump, NV Micro Area","55,990"
".Palatka, FL Micro Area","77,301"
".Palestine, TX Micro Area","59,512"
".Pampa, TX Micro Area","21,725"
".Paragould, AR Micro Area","46,928"
".Paris, TN Micro Area","32,883"
".Paris, TX Micro Area","62,945"
".Payson, AZ Micro Area","54,073"
".Pella, IA Micro Area","34,048"
".Peru, IN Micro Area","35,613"
".Petoskey, MI Micro Area","33,949"
".Picayune, MS Micro Area","59,030"
".Pierre, SD Micro Area","20,541"
".Pikeville, KY Micro Area","89,962"
".Pine Bluff, AR Micro Area","71,039"
".Pittsburg, KS Micro Area","38,904"
".Plainview, TX Micro Area","36,995"
".Platteville, WI Micro Area","52,330"
".Plattsburgh, NY Micro Area","77,871"
".Plymouth, IN Micro Area","46,464"
".Ponca City, OK Micro Area","43,437"
".Pontiac, IL Micro Area","35,375"
".Poplar Bluff, MO Micro Area","41,814"
".Port Angeles, WA Micro Area","77,958"
".Port Lavaca, TX Micro Area","19,942"
".Portsmouth, OH Micro Area","71,798"
".Port Townsend, WA Micro Area","33,944"
".Pottsville, PA Micro Area","144,523"
".Price, UT Micro Area","20,613"
".Pullman, WA Micro Area","48,399"
".Putnam, CT Micro Area","97,701"
".Quincy, IL-MO Micro Area","73,961"
".Raymondville, TX Micro Area","20,027"
".Red Bluff, CA Micro Area","64,451"
".Red Wing, MN Micro Area","47,982"
".Rexburg, ID Micro Area","69,948"
".Rice Lake, WI Micro Area","46,810"
".Richmond, IN Micro Area","66,410"
".Richmond-Berea, KY Micro Area","129,810"
".Rifle, CO Micro Area","79,810"
".Rio Grande City-Roma, TX Micro Area","66,587"
".Riverton, WY Micro Area","39,721"
".Roanoke Rapids, NC Micro Area","63,572"
".Rochelle, IL Micro Area","51,345"
".Rockingham, NC Micro Area","41,990"
".Rock Springs, WY Micro Area","41,273"
".Rolla, MO Micro Area","45,672"
".Roseburg, OR Micro Area","112,255"
".Roswell, NM Micro Area","63,697"
".Ruidoso, NM Micro Area","20,025"
".Russellville, AL Micro Area","31,874"
".Russellville, AR Micro Area","84,963"
".Ruston, LA Micro Area","48,243"
".Rutland, VT Micro Area","60,198"
".Safford, AZ Micro Area","40,242"
".St. Marys, PA Micro Area","30,124"
".Salem, OH Micro Area","99,823"
".Salina, KS Micro Area","59,312"
".Sandpoint, ID Micro Area","53,955"
".Sanford, NC Micro Area","68,537"
".Sault Ste. Marie, MI Micro Area","36,253"
".Sayre, PA Micro Area","59,699"
".Scottsbluff, NE Micro Area","36,399"
".Scottsboro, AL Micro Area","53,780"
".Seaford, DE Micro Area","271,134"
".Searcy, AR Micro Area","79,091"
".Sedalia, MO Micro Area","43,791"
".Selinsgrove, PA Micro Area","39,627"
".Selma, AL Micro Area","35,545"
".Seneca, SC Micro Area","82,475"
".Seneca Falls, NY Micro Area","32,650"
".Sevierville, TN Micro Area","100,184"
".Seymour, IN Micro Area","47,420"
".Shawano, WI Micro Area","45,585"
".Shawnee, OK Micro Area","74,446"
".Shelby-Kings Mountain, NC Micro Area","102,194"
".Shelbyville, TN Micro Area","54,228"
".Shelton, WA Micro Area","69,632"
".Sheridan, WY Micro Area","32,978"
".Show Low, AZ Micro Area","109,516"
".Sidney, OH Micro Area","47,952"
".Sikeston, MO Micro Area","49,707"
".Silver City, NM Micro Area","27,541"
".Snyder, TX Micro Area","16,211"
".Somerset, KY Micro Area","66,842"
".Somerset, PA Micro Area","72,134"
".Sonora, CA Micro Area","53,893"
".Sparta, WI Micro Area","46,370"
".Spearfish, SD Micro Area","28,809"
".Spencer, IA Micro Area","16,474"
".Spirit Lake, IA Micro Area","18,158"
".Starkville, MS Micro Area","62,004"
".Statesboro, GA Micro Area","96,323"
".Steamboat Springs, CO Micro Area","38,385"
".Stephenville, TX Micro Area","44,496"
".Sterling, CO Micro Area","20,755"
".Sterling, IL Micro Area","54,657"
".Stevens Point-Plover, WI Micro Area","72,040"
".Stillwater, OK Micro Area","84,199"
".Storm Lake, IA Micro Area","20,816"
".Sturgis, MI Micro Area","61,171"
".Sulphur Springs, TX Micro Area","38,784"
".Summerville, GA Micro Area","25,306"
".Sunbury, PA Micro Area","108,142"
".Susanville, CA Micro Area","28,340"
".Sweetwater, TX Micro Area","14,182"
".Tahlequah, OK Micro Area","48,729"
".Talladega-Sylacauga, AL Micro Area","91,666"
".Taos, NM Micro Area","34,482"
".Taylorville, IL Micro Area","33,247"
".The Dalles, OR Micro Area","26,507"
".Thomaston, GA Micro Area","28,358"
".Thomasville, GA Micro Area","72,325"
".Tiffin, OH Micro Area","54,730"
".Tifton, GA Micro Area","50,731"
".Toccoa, GA Micro Area","27,498"
".Torrington, CT Micro Area","114,101"
".Town of Pecos, TX Micro Area","11,956"
".Troy, AL Micro Area","33,124"
".Truckee-Grass Valley, CA Micro Area","102,195"
".Tullahoma-Manchester, TN Micro Area","68,058"
".Tupelo, MS Micro Area","132,699"
".Ukiah, CA Micro Area","89,175"
".Union City, TN Micro Area","30,261"
".Urbana, OH Micro Area","38,907"
".Uvalde, TX Micro Area","25,138"
".Van Wert, OH Micro Area","28,887"
".Vermillion, SD Micro Area","15,245"
".Vernal, UT Micro Area","38,307"
".Vernon, TX Micro Area","12,455"
".Vicksburg, MS Micro Area","42,105"
".Vidalia, GA Micro Area","36,054"
".Vincennes, IN Micro Area","35,872"
".Vineyard Haven, MA Micro Area","21,061"
".Wabash, IN Micro Area","30,777"
".Wahpeton, ND-MN Micro Area","22,926"
".Wapakoneta, OH Micro Area","45,922"
".Warren, PA Micro Area","37,373"
".Warrensburg, MO Micro Area","55,880"
".Warsaw, IN Micro Area","80,669"
".Washington, IN Micro Area","34,097"
".Washington, NC Micro Area","44,576"
".Washington Court House, OH Micro Area","28,782"
".Watertown, SD Micro Area","29,278"
".Watertown-Fort Atkinson, WI Micro Area","86,245"
".Waycross, GA Micro Area","56,891"
".Waynesville, NC Micro Area","63,048"
".Weatherford, OK Micro Area","39,105"
".West Plains, MO Micro Area","40,762"
".Whitewater-Elkhorn, WI Micro Area","106,029"
".Williston, ND Micro Area","40,763"
".Willmar, MN Micro Area","44,674"
".Wilmington, OH Micro Area","42,019"
".Wilson, NC Micro Area","79,958"
".Winchester, TN Micro Area","45,137"
".Winnemucca, NV Micro Area","17,116"
".Winona, MN Micro Area","49,973"
".Wisconsin Rapids-Marshfield, WI Micro Area","73,943"
".Woodward, OK Micro Area","19,991"
".Wooster, OH Micro Area","116,632"
".Worthington, MN Micro Area","21,969"
".Yankton, SD Micro Area","23,509"
".Zanesville, OH Micro Area","86,582"
".Zapata, TX Micro Area","13,819"
".Abilene, TX Metro Area","184,278"
".Akron, OH Metro Area","702,209"
".Albany, GA Metro Area","145,451"
".Albany, OR Metro Area","132,474"
".Albany-Schenectady-Troy, NY Metro Area","913,485"
".Albuquerque, NM Metro Area","926,303"
".Alexandria, LA Metro Area","148,008"
".Allentown-Bethlehem-Easton, PA-NJ Metro Area","886,418"
".Altoona, PA Metro Area","120,269"
".Amarillo, TX Metro Area","274,650"
".Ames, IA Metro Area","129,227"
".Amherst Town-Northampton, MA Metro Area","165,399"
".Anchorage, AK Metro Area","407,213"
".Ann Arbor, MI Metro Area","373,875"
".Anniston-Oxford, AL Metro Area","116,427"
".Appleton, WI Metro Area","248,992"
".Asheville, NC Metro Area","422,333"
".Athens-Clarke County, GA Metro Area","223,689"
".Atlanta-Sandy Springs-Roswell, GA Metro Area","6,411,149"
"..Atlanta-Sandy Springs-Roswell, GA Metro Division","4,991,637"
"..Marietta, GA Metro Division","1,419,512"
".Atlantic City-Hammonton, NJ Metro Area","372,989"
".Auburn-Opelika, AL Metro Area","206,006"
".Augusta-Richmond County, GA-SC Metro Area","636,760"
".Austin-Round Rock-San Marcos, TX Metro Area","2,550,637"
".Bakersfield-Delano, CA Metro Area","922,529"
".Baltimore-Columbia-Towson, MD Metro Area","2,859,024"
".Bangor, ME Metro Area","156,840"
".Barnstable Town, MA Metro Area","232,570"
".Baton Rouge, LA Metro Area","882,652"
".Battle Creek, MI Metro Area","133,785"
".Bay City, MI Metro Area","102,651"
".Beaumont-Port Arthur, TX Metro Area","398,733"
".Beckley, WV Metro Area","110,979"
".Bellingham, WA Metro Area","234,954"
".Bend, OR Metro Area","264,407"
".Billings, MT Metro Area","192,531"
".Binghamton, NY Metro Area","243,971"
".Birmingham, AL Metro Area","1,192,583"
".Bismarck, ND Metro Area","139,183"
".Blacksburg-Christiansburg-Radford, VA Metro Area","182,041"
".Bloomington, IL Metro Area","172,069"
".Bloomington, IN Metro Area","162,553"
".Boise City, ID Metro Area","845,877"
".Boston-Cambridge-Newton, MA-NH Metro Area","5,025,517"
"..Boston, MA Metro Division","2,075,988"
"..Cambridge-Newton-Framingham, MA Metro Division","2,492,894"
"..Rockingham County-Strafford County, NH Metro Division","456,635"
".Boulder, CO Metro Area","330,262"
".Bowling Green, KY Metro Area","195,159"
".Bozeman, MT Metro Area","126,984"
".Bremerton-Silverdale-Port Orchard, WA Metro Area","281,420"
".Bridgeport-Stamford-Danbury, CT Metro Area","972,679"
".Brownsville-Harlingen, TX Metro Area","431,874"
".Brunswick-St. Simons, GA Metro Area","117,135"
".Buffalo-Cheektowaga, NY Metro Area","1,160,172"
".Burlington, NC Metro Area","183,040"
".Burlington-South Burlington, VT Metro Area","229,445"
".Canton-Massillon, OH Metro Area","400,551"
".Cape Coral-Fort Myers, FL Metro Area","860,959"
".Cape Girardeau, MO-IL Metro Area","98,862"
".Carson City, NV Metro Area","58,148"
".Casper, WY Metro Area","80,410"
".Cedar Rapids, IA Metro Area","278,677"
".Chambersburg, PA Metro Area","159,285"
".Champaign-Urbana, IL Metro Area","242,453"
".Charleston, WV Metro Area","202,091"
".Charleston-North Charleston, SC Metro Area","869,940"
".Charlotte-Concord-Gastonia, NC-SC Metro Area","2,883,370"
".Charlottesville, VA Metro Area","227,336"
".Chattanooga, TN-GA Metro Area","588,050"
".Cheyenne, WY Metro Area","101,783"
".Chicago-Naperville-Elgin, IL-IN Metro Area","9,408,576"
"..Chicago-Naperville-Schaumburg, IL Metro Division","7,198,136"
"..Elgin, IL Metro Division","765,503"
"..Lake County, IL Metro Division","718,604"
"..Lake County-Porter County-Jasper County, IN Metro Division","726,333"
".Chico, CA Metro Area","208,334"
".Cincinnati, OH-KY-IN Metro Area","2,302,815"
".Clarksville, TN-KY Metro Area","345,955"
".Cleveland, OH Metro Area","2,171,877"
".Cleveland, TN Metro Area","132,120"
".Coeur d'Alene, ID Metro Area","188,323"
".College Station-Bryan, TX Metro Area","287,462"
".Colorado Springs, CO Metro Area","777,634"
".Columbia, MO Metro Area","219,426"
".Columbia, SC Metro Area","870,193"
".Columbus, GA-AL Metro Area","324,343"
".Columbus, IN Metro Area","84,741"
".Columbus, OH Metro Area","2,225,377"
".Corpus Christi, TX Metro Area","450,187"
".Corvallis, OR Metro Area","98,899"
".Crestview-Fort Walton Beach-Destin, FL Metro Area","310,149"
".Dallas-Fort Worth-Arlington, TX Metro Area","8,344,032"
"..Dallas-Plano-Irving, TX Metro Division","5,641,795"
"..Fort Worth-Arlington-Grapevine, TX Metro Division","2,702,237"
".Dalton, GA Metro Area","146,386"
".Daphne-Fairhope-Foley, AL Metro Area","261,608"
".Davenport-Moline-Rock Island, IA-IL Metro Area","381,801"
".Dayton-Kettering-Beavercreek, OH Metro Area","821,740"
".Decatur, AL Metro Area","159,651"
".Decatur, IL Metro Area","100,737"
".Deltona-Daytona Beach-Ormond Beach, FL Metro Area","739,516"
".Denver-Aurora-Centennial, CO Metro Area","3,052,498"
".Des Moines-West Des Moines, IA Metro Area","753,913"
".Detroit-Warren-Dearborn, MI Metro Area","4,400,578"
"..Detroit-Dearborn-Livonia, MI Metro Division","1,771,063"
"..Warren-Troy-Farmington Hills, MI Metro Division","2,629,515"
".Dothan, AL Metro Area","154,766"
".Dover, DE Metro Area","192,690"
".Dubuque, IA Metro Area","99,242"
".Duluth, MN-WI Metro Area","281,815"
".Durham-Chapel Hill, NC Metro Area","620,522"
".Eagle Pass, TX Metro Area","58,829"
".Eau Claire, WI Metro Area","176,153"
".El Centro, CA Metro Area","181,724"
".Elizabethtown, KY Metro Area","127,954"
".Elkhart-Goshen, IN Metro Area","207,436"
".Elmira, NY Metro Area","81,115"
".El Paso, TX Metro Area","879,392"
".Enid, OK Metro Area","62,007"
".Erie, PA Metro Area","267,750"
".Eugene-Springfield, OR Metro Area","382,396"
".Evansville, IN Metro Area","271,793"
".Fairbanks-College, AK Metro Area","94,951"
".Fargo, ND-MN Metro Area","267,793"
".Farmington, NM Metro Area","120,817"
".Fayetteville, NC Metro Area","393,812"
".Fayetteville-Springdale-Rogers, AR Metro Area","605,615"
".Flagstaff, AZ Metro Area","145,161"
".Flint, MI Metro Area","402,279"
".Florence, SC Metro Area","200,474"
".Florence-Muscle Shoals, AL Metro Area","156,287"
".Fond du Lac, WI Metro Area","104,269"
".Fort Collins-Loveland, CO Metro Area","374,574"
".Fort Smith, AR-OK Metro Area","232,848"
".Fort Wayne, IN Metro Area","462,978"
".Fresno, CA Metro Area","1,189,557"
".Gadsden, AL Metro Area","103,207"
".Gainesville, FL Metro Area","359,780"
".Gainesville, GA Metro Area","221,745"
".Gettysburg, PA Metro Area","107,914"
".Glens Falls, NY Metro Area","125,127"
".Goldsboro, NC Metro Area","120,338"
".Grand Forks, ND-MN Metro Area","104,184"
".Grand Island, NE Metro Area","77,278"
".Grand Junction, CO Metro Area","161,260"
".Grand Rapids-Wyoming-Kentwood, MI Metro Area","1,178,826"
".Grants Pass, OR Metro Area","88,276"
".Great Falls, MT Metro Area","84,523"
".Greeley, CO Metro Area","369,745"
".Green Bay, WI Metro Area","334,697"
".Greensboro-High Point, NC Metro Area","800,722"
".Greenville, NC Metro Area","180,783"
".Greenville-Anderson-Greer, SC Metro Area","996,680"
".Gulfport-Biloxi, MS Metro Area","426,793"
".Hagerstown-Martinsburg, MD-WV Metro Area","311,295"
".Hammond, LA Metro Area","139,823"
".Hanford-Corcoran, CA Metro Area","154,913"
".Harrisburg-Carlisle, PA Metro Area","615,361"
".Harrisonburg, VA Metro Area","138,838"
".Hartford-West Hartford-East Hartford, CT Metro Area","1,169,048"
".Hattiesburg, MS Metro Area","156,575"
".Helena, MT Metro Area","96,735"
".Hickory-Lenoir-Morganton, NC Metro Area","373,031"
".Hilton Head Island-Bluffton-Port Royal, SC Metro Area","237,393"
".Hinesville, GA Metro Area","89,046"
".Homosassa Springs, FL Metro Area","170,174"
".Hot Springs, AR Metro Area","99,902"
".Houma-Bayou Cane-Thibodaux, LA Metro Area","199,206"
".Houston-Pasadena-The Woodlands, TX Metro Area","7,796,182"
".Huntington-Ashland, WV-KY-OH Metro Area","366,920"
".Huntsville, AL Metro Area","542,297"
".Idaho Falls, ID Metro Area","171,233"
".Indianapolis-Carmel-Greenwood, IN Metro Area","2,174,833"
".Iowa City, IA Metro Area","182,711"
".Ithaca, NY Metro Area","105,602"
".Jackson, MI Metro Area","160,233"
".Jackson, MS Metro Area","606,178"
".Jackson, TN Metro Area","183,680"
".Jacksonville, FL Metro Area","1,760,548"
".Jacksonville, NC Metro Area","212,954"
".Janesville-Beloit, WI Metro Area","165,461"
".Jefferson City, MO Metro Area","151,523"
".Johnson City, TN Metro Area","214,948"
".Johnstown, PA Metro Area","130,108"
".Jonesboro, AR Metro Area","138,152"
".Joplin, MO-KS Metro Area","207,131"
".Kahului-Wailuku, HI Metro Area","163,769"
".Kalamazoo-Portage, MI Metro Area","264,780"
".Kankakee, IL Metro Area","106,410"
".Kansas City, MO-KS Metro Area","2,253,579"
".Kennewick-Richland, WA Metro Area","319,428"
".Kenosha, WI Metro Area","168,754"
".Killeen-Temple, TX Metro Area","509,487"
".Kingsport-Bristol, TN-VA Metro Area","313,876"
".Kingston, NY Metro Area","182,977"
".Kiryas Joel-Poughkeepsie-Newburgh, NY Metro Area","711,730"
".Knoxville, TN Metro Area","957,608"
".Kokomo, IN Metro Area","84,082"
".La Crosse-Onalaska, WI-MN Metro Area","170,763"
".Lafayette, LA Metro Area","419,704"
".Lafayette-West Lafayette, IN Metro Area","229,701"
".Lake Charles, LA Metro Area","242,975"
".Lake Havasu City-Kingman, AZ Metro Area","226,479"
".Lakeland-Winter Haven, FL Metro Area","852,878"
".Lancaster, PA Metro Area","563,293"
".Lansing-East Lansing, MI Metro Area","479,971"
".Laredo, TX Metro Area","272,823"
".Las Cruces, NM Metro Area","229,366"
".Las Vegas-Henderson-North Las Vegas, NV Metro Area","2,398,871"
".Lawrence, KS Metro Area","121,989"
".Lawton, OK Metro Area","126,899"
".Lebanon, PA Metro Area","145,319"
".Lewiston, ID-WA Metro Area","65,370"
".Lewiston-Auburn, ME Metro Area","115,272"
".Lexington-Fayette, KY Metro Area","533,366"
".Lexington Park, MD Metro Area","211,382"
".Lima, OH Metro Area","100,866"
".Lincoln, NE Metro Area","350,626"
".Little Rock-North Little Rock-Conway, AR Metro Area","769,258"
".Logan, UT-ID Metro Area","161,125"
".Longview, TX Metro Area","295,490"
".Longview-Kelso, WA Metro Area","113,982"
".Los Angeles-Long Beach-Anaheim, CA Metro Area","12,927,614"
"..Anaheim-Santa Ana-Irvine, CA Metro Division","3,170,435"
"..Los Angeles-Long Beach-Glendale, CA Metro Division","9,757,179"
".Louisville/Jefferson County, KY-IN Metro Area","1,394,234"
".Lubbock, TX Metro Area","367,109"
".Lynchburg, VA Metro Area","266,432"
".Macon-Bibb County, GA Metro Area","237,617"
".Madison, WI Metro Area","707,606"
".Manchester-Nashua, NH Metro Area","430,462"
".Manhattan, KS Metro Area","134,892"
".Mankato, MN Metro Area","105,193"
".Mansfield, OH Metro Area","124,853"
".McAllen-Edinburg-Mission, TX Metro Area","914,820"
".Medford, OR Metro Area","221,331"
".Memphis, TN-MS-AR Metro Area","1,339,345"
".Merced, CA Metro Area","296,774"
".Miami-Fort Lauderdale-West Palm Beach, FL Metro Area","6,457,988"
"..Fort Lauderdale-Pompano Beach-Sunrise, FL Metro Division","2,037,472"
"..Miami-Miami Beach-Kendall, FL Metro Division","2,838,461"
"..West Palm Beach-Boca Raton-Delray Beach, FL Metro Division","1,582,055"
".Michigan City-La Porte, IN Metro Area","111,348"
".Midland, MI Metro Area","84,022"
".Midland, TX Metro Area","188,766"
".Milwaukee-Waukesha, WI Metro Area","1,574,452"
".Minneapolis-St. Paul-Bloomington, MN-WI Metro Area","3,757,952"
".Minot, ND Metro Area","75,938"
".Missoula, MT Metro Area","127,741"
".Mobile, AL Metro Area","412,339"
".Modesto, CA Metro Area","556,972"
".Monroe, LA Metro Area","221,921"
".Monroe, MI Metro Area","156,045"
".Montgomery, AL Metro Area","387,885"
".Morgantown, WV Metro Area","142,752"
".Morristown, TN Metro Area","126,932"
".Mount Vernon-Anacortes, WA Metro Area","132,736"
".Muncie, IN Metro Area","112,951"
".Muskegon-Norton Shores, MI Metro Area","177,428"
".Myrtle Beach-Conway-North Myrtle Beach, SC Metro Area","413,391"
".Napa, CA Metro Area","132,727"
".Naples-Marco Island, FL Metro Area","416,233"
".Nashville-Davidson--Murfreesboro--Franklin, TN Metro Area","2,150,553"
".New Haven, CT Metro Area","576,718"
".New Orleans-Metairie, LA Metro Area","966,230"
".New York-Newark-Jersey City, NY-NJ Metro Area","19,940,274"
"..Lakewood-New Brunswick, NJ Metro Division","2,561,540"
"..Nassau County-Suffolk County, NY Metro Division","2,928,347"
"..Newark, NJ Metro Division","2,277,892"
"..New York-Jersey City-White Plains, NY-NJ Metro Division","12,172,495"
".Niles, MI Metro Area","152,703"
".North Port-Bradenton-Sarasota, FL Metro Area","934,956"
".Norwich-New London-Willimantic, CT Metro Area","282,602"
".Ocala, FL Metro Area","428,905"
".Odessa, TX Metro Area","170,022"
".Ogden, UT Metro Area","667,681"
".Oklahoma City, OK Metro Area","1,497,821"
".Olympia-Lacey-Tumwater, WA Metro Area","302,912"
".Omaha, NE-IA Metro Area","1,001,010"
".Orlando-Kissimmee-Sanford, FL Metro Area","2,940,513"
".Oshkosh-Neenah, WI Metro Area","173,307"
".Owensboro, KY Metro Area","113,583"
".Oxnard-Thousand Oaks-Ventura, CA Metro Area","835,427"
".Paducah, KY-IL Metro Area","102,395"
".Palm Bay-Melbourne-Titusville, FL Metro Area","658,447"
".Panama City-Panama City Beach, FL Metro Area","226,221"
".Parkersburg-Vienna, WV Metro Area","87,681"
".Pensacola-Ferry Pass-Brent, FL Metro Area","538,928"
".Peoria, IL Metro Area","364,565"
".Philadelphia-Camden-Wilmington, PA-NJ-DE-MD Metro Area","6,330,422"
"..Camden, NJ Metro Division","1,321,286"
"..Montgomery County-Bucks County-Chester County, PA Metro Division","2,090,066"
"..Philadelphia, PA Metro Division","2,158,798"
"..Wilmington, DE-MD-NJ Metro Division","760,272"
".Phoenix-Mesa-Chandler, AZ Metro Area","5,186,958"
".Pinehurst-Southern Pines, NC Metro Area","108,417"
".Pittsburgh, PA Metro Area","2,429,917"
".Pittsfield, MA Metro Area","128,726"
".Pocatello, ID Metro Area","91,010"
".Portland-South Portland, ME Metro Area","571,534"
".Portland-Vancouver-Hillsboro, OR-WA Metro Area","2,537,904"
".Port St. Lucie, FL Metro Area","556,336"
".Prescott Valley-Prescott, AZ Metro Area","252,013"
".Providence-Warwick, RI-MA Metro Area","1,700,901"
".Provo-Orem-Lehi, UT Metro Area","760,531"
".Pueblo, CO Metro Area","169,866"
".Punta Gorda, FL Metro Area","212,122"
".Racine-Mount Pleasant, WI Metro Area","198,651"
".Raleigh-Cary, NC Metro Area","1,562,009"
".Rapid City, SD Metro Area","156,227"
".Reading, PA Metro Area","439,117"
".Redding, CA Metro Area","181,121"
".Reno, NV Metro Area","575,110"
".Richmond, VA Metro Area","1,370,165"
".Riverside-San Bernardino-Ontario, CA Metro Area","4,744,214"
".Roanoke, VA Metro Area","315,749"
".Rochester, MN Metro Area","230,742"
".Rochester, NY Metro Area","1,057,218"
".Rockford, IL Metro Area","337,103"
".Rocky Mount, NC Metro Area","147,114"
".Rome, GA Metro Area","101,390"
".Sacramento-Roseville-Folsom, CA Metro Area","2,463,127"
".Saginaw, MI Metro Area","187,714"
".St. Cloud, MN Metro Area","205,878"
".St. George, UT Metro Area","207,943"
".St. Joseph, MO-KS Metro Area","119,124"
".St. Louis, MO-IL Metro Area","2,811,927"
".Salem, OR Metro Area","443,416"
".Salinas, CA Metro Area","436,251"
".Salisbury, MD Metro Area","131,570"
".Salt Lake City-Murray, UT Metro Area","1,300,762"
".San Angelo, TX Metro Area","121,629"
".San Antonio-New Braunfels, TX Metro Area","2,763,006"
".San Diego-Chula Vista-Carlsbad, CA Metro Area","3,298,799"
".Sandusky, OH Metro Area","113,533"
".San Francisco-Oakland-Fremont, CA Metro Area","4,648,486"
"..Oakland-Fremont-Berkeley, CA Metro Division","2,821,667"
"..San Francisco-San Mateo-Redwood City, CA Metro Division","1,570,419"
"..San Rafael, CA Metro Division","256,400"
".San Jose-Sunnyvale-Santa Clara, CA Metro Area","1,995,484"
".San Luis Obispo-Paso Robles, CA Metro Area","281,843"
".Santa Cruz-Watsonville, CA Metro Area","262,406"
".Santa Fe, NM Metro Area","157,765"
".Santa Maria-Santa Barbara, CA Metro Area","444,500"
".Santa Rosa-Petaluma, CA Metro Area","485,375"
".Savannah, GA Metro Area","431,589"
".Scranton--Wilkes-Barre, PA Metro Area","574,009"
".Seattle-Tacoma-Bellevue, WA Metro Area","4,145,494"
"..Everett, WA Metro Division","864,113"
"..Seattle-Bellevue-Kent, WA Metro Division","2,340,211"
"..Tacoma-Lakewood, WA Metro Division","941,170"
".Sebastian-Vero Beach-West Vero Corridor, FL Metro Area","172,139"
".Sebring, FL Metro Area","109,778"
".Sheboygan, WI Metro Area","118,331"
".Sherman-Denison, TX Metro Area","150,532"
".Shreveport-Bossier City, LA Metro Area","383,269"
".Sierra Vista-Douglas, AZ Metro Area","125,773"
".Sioux City, IA-NE-SD Metro Area","145,994"
".Sioux Falls, SD-MN Metro Area","308,266"
".Slidell-Mandeville-Covington, LA Metro Area","277,615"
".South Bend-Mishawaka, IN-MI Metro Area","325,294"
".Spartanburg, SC Metro Area","395,934"
".Spokane-Spokane Valley, WA Metro Area","604,962"
".Springfield, IL Metro Area","206,308"
".Springfield, MA Metro Area","464,151"
".Springfield, MO Metro Area","496,975"
".Springfield, OH Metro Area","134,985"
".State College, PA Metro Area","159,805"
".Staunton-Stuarts Draft, VA Metro Area","128,481"
".Stockton-Lodi, CA Metro Area","816,108"
".Sumter, SC Metro Area","104,776"
".Syracuse, NY Metro Area","655,189"
".Tallahassee, FL Metro Area","397,675"
".Tampa-St. Petersburg-Clearwater, FL Metro Area","3,424,560"
"..St. Petersburg-Clearwater-Largo, FL Metro Division","965,870"
"..Tampa, FL Metro Division","2,458,690"
".Terre Haute, IN Metro Area","168,874"
".Texarkana, TX-AR Metro Area","145,576"
".Toledo, OH Metro Area","601,396"
".Topeka, KS Metro Area","232,648"
".Traverse City, MI Metro Area","156,634"
".Trenton-Princeton, NJ Metro Area","392,138"
".Tucson, AZ Metro Area","1,080,149"
".Tulsa, OK Metro Area","1,059,803"
".Tuscaloosa, AL Metro Area","281,963"
".Twin Falls, ID Metro Area","122,565"
".Tyler, TX Metro Area","249,091"
".Urban Honolulu, HI Metro Area","998,747"
".Utica-Rome, NY Metro Area","287,932"
".Valdosta, GA Metro Area","152,588"
".Vallejo, CA Metro Area","455,101"
".Victoria, TX Metro Area","99,170"
".Vineland, NJ Metro Area","155,678"
".Virginia Beach-Chesapeake-Norfolk, VA-NC Metro Area","1,794,278"
".Visalia, CA Metro Area","483,546"
".Waco, TX Metro Area","307,123"
".Walla Walla, WA Metro Area","62,068"
".Warner Robins, GA Metro Area","204,110"
".Washington-Arlington-Alexandria, DC-VA-MD-WV Metro Area","6,436,489"
"..Arlington-Alexandria-Reston, VA-WV Metro Division","3,211,542"
"..Frederick-Gaithersburg-Bethesda, MD Metro Division","1,381,590"
"..Washington, DC-MD Metro Division","1,843,357"
".Waterbury-Shelton, CT Metro Area","462,220"
".Waterloo-Cedar Falls, IA Metro Area","170,081"
".Watertown-Fort Drum, NY Metro Area","113,140"
".Wausau, WI Metro Area","139,091"
".Weirton-Steubenville, WV-OH Metro Area","113,239"
".Wenatchee-East Wenatchee, WA Metro Area","127,023"
".Wheeling, WV-OH Metro Area","135,136"
".Wichita, KS Metro Area","661,217"
".Wichita Falls, TX Metro Area","149,869"
".Wildwood-The Villages, FL Metro Area","154,693"
".Williamsport, PA Metro Area","113,236"
".Wilmington, NC Metro Area","480,522"
".Winchester, VA-WV Metro Area","149,702"
".Winston-Salem, NC Metro Area","705,187"
".Worcester, MA Metro Area","881,248"
".Yakima, WA Metro Area","258,523"
".York-Hanover, PA Metro Area","471,240"
".Youngstown-Warren, OH Metro Area","426,086"
".Yuba City, CA Metro Area","186,014"
".Yuma, AZ Metro Area","220,310"